Team,AvgRacePosition
McLaren Mercedes,2.33333333333333
Ferrari,4.94444444444444
Mercedes,5.55555555555556
Red Bull Racing Honda RBPT,6.5
Williams Mercedes,7.44444444444444
Alpine Renault,9.33333333333333
Racing Bulls Honda RBPT,10.0555555555556
Haas Ferrari,10.7777777777778
Aston Martin Aramco Mercedes,10.9411764705882
Kick Sauber Ferrari,11.8333333333333
